2000,2,MORELIA,,LOMAS DE LAS AMERICAS,TODAS LAS CALLES,900
2000,4,MORELIA,,BOSQUES DE LA HUERTA,PARA LA CALLE CIRCUITO BOSQUES DE LA HUERTA ,631
2001,5,MORELIA,,BOSQUES DE LA HUERTA,PARA LOS RETORNOS ,542
2000,6,MORELIA,,AMPLIACION 20 DE NOVIEMBRE,TODAS LAS CALLES,32
2000,20,CIUDAD HIDALGO,,PRIMAVERA ECOLOGIA ,,32
2001,24,MORELIA,,COLINAS DEL SUR ,PARA LA ZONA COMPRENDIDA AL SUROESTE DEL FTO. ,53
2002,2,SAHUAYO,,BOSQUE DE LAS LOMAS,ESTE SE CLASIFICA COMO RUSTICO TIPO GRANJA ,30
2002,4,ZACAPU,,EX HACIENDA PUERTA CHICA,,24
2002,5,TARIMBARO,URUETARO,VISTA BELLA ,PARA LA AV. VISTA BELLA ,30
2003,5,TARIMBARO,URUETARO,VISTA BELLA ,PARA EL RESTO DE LAS CALLES,24
2002,6,SAHUAYO,,CONDOMINIO SAN RAFAEL ,,105
2002,7,SAHUAYO,,COLINAS DEL TEPEYAC SEGUNDA ETAPA,,105
2002,9,ALVARO OBREGON,CHEHUAYO GRANDE ,CHEHUAYO GRANDE ,,17
2002,10,TARIMBARO,,CUEVA DEL COYOTE,,37
2002,11,SAHUAYO,,LA PUNTITA,,17
2002,12,ZAMORA,,NUEVO JERICO,,407
2002,13,ALVARO OBREGON,RANCHO LAS TROJES,LAS TIJERAS,,15
2002,15,SAHUAYO,,LOMAS DE FATIMA,,17
2002,16,ZAMORA,,NUEVO JERICO,PARA LAS CALLES EDUARDO MENDOZA Y PASEO DE JERICO ,488
2003,16,ZAMORA,,NUEVO JERICO,PARA LA CALLE FERROCARRIL PONIENTE ENTRE LAS CALLES EDUARDO MENDOZA Y PROL. 5 DE MAYO NORTE,515
2002,17,IXTLAN ,,EL LLANO ,,9
2002,18,ARTEAGA ,,EX HACIENDA LAS CAÑAS,,9
2002,19,URUAPAN,,OBSERVATORIO,,9
2002,20,MORELIA,,ANDRES QUINTANA ROO,,269
2002,21,SAHUAYO,,SAN MIGUEL ,,43
2002,22,MORELIA,,ALFONSO GARCIA ROBLES ,,488
2002,24,MORELIA,,ARBOLEDAS ,,592
2002,23,MORELIA,,AMPLIACION LOS FRESNOS ,EN EL TRAMO COMPRENDIDO EN LA CALLE EL RETAJO ,699
2003,23,MORELIA,,AMPLIACION LOS FRESNOS ,EN EL RESTO DE LAS CALLES ,592
2002,25,MORELIA ,,LA FLORESTA ,,900
2002,26,MORELIA ,,LOS FRESNOS ,EN EL TRAMO COMPRENIDO EN LAS CALLES RINCON DEL ORO Y RINCON DE SAN FRANCISCO ,699
2003,26,MORELIA ,,LOS FRESNOS ,EN EL RESTO DE LAS CALLES ,592
2002,27,MORELIA,,VALLE VERDE ,,807
2002,28,MORELIA,,PINAR DEL RIO,,631
2002,29,MORELIA,,LA FLORESTA MICHOACANA ,,807
2002,30,MORELIA,,VILLA LOMAS DEL PARAISO,,699
2002,31,ZAMORA,,SECTOR 04,PROLONGACION CALLE GUERRERO PONIENTE A PARTIR DEL CAMINO DE TERRACERIA HACIA EL PONIENTE ,222
2002,32,MORELIA,,EL MONASTERIO ,,430
2002,33,CIUDAD HIDALGO,,LLANOS DEL EJIDO ,EN EL TRAMO QUE COMPRENDEN LAS CALLES PROLONGACION RUBI Y ZAFIRO,92
2002,34,MORELIA,,REFORMA ,,472
2002,35,MORELIA,,LAS GARZAS,,140
2002,36,MORELIA,,ARCOIRIS,,525
2002,37,MORELIA,,LOMAS DE LAS AMERICAS,,731
2002,38,MORELIA,,BOSQUES DE LA HUERTA,,488
2002,39,MORELIA,,CARRETERA MORELIA-PATZCUARO S/N EX HACIENDA SAN JOSE DE LA HUERTA ,,131
2002,40,LA PIEDAD ,,PROL. CALLE NIGROMANTE ESQUINA OLIVOS SECTOR 13,,24
2003,1,SAHUAYO,,RESIDENCIAL PRIMAVERA,APLICABLES A LA MANZANA 13 SECTOR 13,138
2003,2,MORELIA,JESUS DEL MONTE ,VALLE DEL PARAISO,,737
2003,3,MORELIA ,JESUS DEL MONTE ,RINCON DEL PARAISO ,,737
2003,4,MORELIA,,LA ALDEA ,,16
2003,5,MORELIA,,HACIENDA DE LA HUERTA (ANTES JARDINES DE LA HUERTA),,624
2003,6,MORELIA,JESUS DEL MONTE ,LOS ARCOS DE JESUS DEL MONTE,,174
2003,7,MORELIA,JESUS DEL MONTE ,MONTE BELLO,,210
2003,8,ARIO DE ROSALES,,CAMINO A CANINTZIO,TRAMO COMPRENDIDO ENTRE CARRETERA PATZCUARO-ARIO DE ROSALES Y EL PUENTE DEL RIO TUNACUARO O RIO CONTEMEO,59
2003,9,CONTEPEC,,PARQUE INDUSTRIAL CONTEPEC,,9
2003,10,MORELIA,,CONJUNTO HABITACIONAL HACIENDA DEL VALLE,,596
2003,12,ZINAPECUARO,,ANTONIO ALZATE ,,59
2003,13,LOS REYES ,,EMILIANO ZAPATA ,,111
2003,14,MORELIA,,AL NORTE DE LA CIUDAD DE MORELIA FRENTE A LA CIUDAD INDUSTRIAL  ,PARA LAS CALLES FRENTE A LA CARRETERA ,229
2004,14,MORELIA,,AL NORTE DE LA CIUDAD DE MORELIA FRENTE A LA CIUDAD INDUSTRIAL  ,PARA LAS CALLES AL INTERIOR ,201
2003,15,ZITACUARO,,LAS PALMAS 6 DE JUNIO ,,229
2003,16,ZAMORA,ARIO DE RAYON,PLAZAS DE SANTA MONICA ,,18
2003,17,MORELIA,,CHAPULTEPEC ORIENTE,PARA LAS CALLES GRAL. JOSE MANUEL MICHELTORENA GRAL. JUAN JOSE BAZ GRAL. JUAN CANO Y GRAL. JUAN JOSE LANDERO,571
2003,18,ZACAPU,,PARQUE INDUSTRIAL ZACAPU ,TRAMO DE LA CARRETERA ZACAPU-VILLA JIMENEZ ,320
2003,19,ECUANDUREO,,PARQUE INDUSTRIAL REGION ZAMORA ,PARA EL KM. 8 DE LA CARRETERA RINCONADA A LA PIEDAD ,25
2003,20,TARIMBARO,,LOMA COLORADA ,PARA EL CAMINO TORREON NUEVO-CHIQUIMITIO ,32
2003,21,JACONA,,ARCOIRIS DE CURUTARAN,,32
2003,021-A,MORELIA,,CONJUNTO HABITACIONAL VILLA MAGNA,,333
2003,22,MORELIA,,VILLAS RODRIGUEZ ALCAINE,,396
2003,23,QUIROGA,,EL TZIRATE ,,59
2003,24,TARIMBARO,,PASEO SANTA FE,,187
2003,25,CIUDAD HIDALGO,,LA ANTORCHA,,111
2003,26,MORELIA,,CALLE SIN NOMBRE ,CAMINO AL INSTITUTO TECNOLOGICO DE ESTUDIOS SUPERIORES DE MONTERREY,737
2003,27,MORELIA,,CALLE ESCUADRON 201,,709
2004,1,ARTEAGA ,,LAS CAÑAS ,,19
2004,2,MORELIA,,VALLE DEL DURAZNO,,61
2004,3,MORELIA,,SIMPANIO NORTE,,61
2004,4,MORELIA,,AMPLIACION VALLE DORADO,,89
2004,5,VISTA HERMOSA,,CALLE PRIVADA DE HOSPITAL ,ENTRE CARRETERA A ZAMORA Y CALLE SIN NOMBRE,94
2004,6,MORELIA,,CONJUNTO EN CONDOMINIO QUINTA DEL SOL,,534
2004,7,PATZCUARO,,CAMPESTRE SEÑORIAL ,EN TODAS LAS AREAS O MANZANAS NO URBANIZADAS ,26
2004,8,MORELIA,,CONJUNTO HABITACIONAL AMPLIACION JOSE MA. CABRERA ,,181
2004,9,MORELIA,SANTA MARIA DE GUIDO,PRIVADA DE J. J. TABLADA ,PARALELA AL ORIENTE DE LA CALLE ATENOGENES SEGALE,355
2004,009-A,LAZARO CARDENAS,,LA ORILLA,,412
2004,10,MORELIA,,BALCONES DE QUINCEO,,181
2004,11,MORELIA,,VILLAS DE LAS LOMAS,,294
2004,011-A,CHARO,,PROYECTO ECOLOGICO CONTROLADO LA POLVILLA,,89
2004,12,ZAMORA,,LAS AMERICAS,,355
2004,13,MORELIA,JESUS DEL MONTE ,RESIDENCIAL COTO DEL ANGEL,,502
2004,14,JOSE SIXTOS VERDUZCO ,SAN MARTIN ,LA SAUCEDA ,,47
2004,15,MORELIA,,AMPLIACION CLUB CAMPESTRE LA HUERTA,,770
2004,16,MORELIA,,CONJUNTO HABITACIONAL QUINCEO ,,209
2004,17,ZAMORA,,RESIDENCIAL LAS AMERICAS                 El presente acuerdo sustituye al nÑ 12 de fecha 16 de julio del aÑo en curso ,PARA LA AV. MEXICO Y CALLE ARGENTINA ,859
2005,17,ZAMORA,,RESIDENCIAL LAS AMERICAS                 El presente acuerdo sustituye al nÑ 12 de fecha 16 de julio del aÑo en curso ,PARA LA AV. AMERICAS ,831
2006,17,ZAMORA,,RESIDENCIAL LAS AMERICAS                 El presente acuerdo sustituye al nÑ 12 de fecha 16 de julio del aÑo en curso ,PARA EL RESTO DE LAS CALLES,737
2004,18,SAHUAYO,,EL MOLINO,UBICADO EN EL CAMINO VECINAL AL RINCON DE SAN ANDRES ,61
2004,19,SAHUAYO,,EL MOLINO,UBICADO EN EL CAMINO VECINAL AL RINCON DE SAN ANDRES                                                                                 El presente acuerdo sustituye el nÑ 18 de fecha 9 de septiembre del aÑo en curso ,9
2004,20,TARIMBARO ,COTZIO,EL CERRITO DE COTZIO,,61
2004,21,SAHUAYO,,BARRANQUILLA,,61
2004,22,MORELIA,,CAMPO DE TIRO RAMON PALOMARES A. ,,61
2004,23,MORELIA ,SAN MIGUEL DEL MONTE ,ZONAS 3 4 Y 5 DESINCORPORADAS POR EL REGISTRO AGRARIO NACIONAL DEL REGIMEN EJIDAL,PARA TODAS LAS CALLES ,115
2005,23,MORELIA ,SAN MIGUEL DEL MONTE ,ZONAS 3 4 Y 5 DESINCORPORADAS POR EL REGISTRO AGRARIO NACIONAL DEL REGIMEN EJIDAL,PARA EL BORDE DE CARRETERA,181
2004,24,MORELIA,EL CORREO,EL TOCUSAL ,PARA TODAS LAS CALLES ,33
2004,25,CIUDAD HIDALGO ,,LOMA DE ENMEDIO,VALOR MINIMO DE CALLES,147
2005,26,CIUDAD HIDALGO ,,LOMA DE ENMEDIO,VALOR MAXIMO DE CALLES,214
2004,26,MORELIA,,YUNUEN ,,649
2004,28,MORELIA,,HACIENDA DE LA MINA ,,61
2004,29,MORELIA,,TRES MARIAS     En la modalidad de fto. tipo residencial bajo regimen de propiedad en condominio e instalaciones deportivas,QUEDA SI EFECTO POR SUSTITUCION DE ACUERDO No. 04/2005,711
2004,30,MORELIA,,FRACCION PREDIO TRES PUENTES AL COSTADO PONIENTE DE LA VIA DEL FFCC Y DEL RIO CHIQUITO Y EN LAS INMEDIACIONES DE LA COL. ADOLFO LOPEZ MATEOS,,89
2004,31,ZACAPU,,RANCHO LAS CANOAS,PARA TODAS LAS CALLES ,9
2004,32,MORELIA,JESUS DEL MONTE ,MONTAÑA MONARCA ,,831
2004,33,MORELIA,JESUS DEL MONTE ,MONTAÑA MONARCA PREDIO H-5 ,,831
2004,34,MORELIA,,CONJUNTO HABITACIONAL EL BOSQUE ,,181
2004,35,MORELIA,,CONJUNTO HABITACIONAL LA HACIENDA ,,346
2004,36,TARIMBARO,,CONJUNTO HABITACIONAL CAMPESTRE TARIMBARO ,,147
2004,37,MORELIA,,LAS PAMPAS,,294
2004,38,CIUDAD HIDALGO,,RANCHO LAS PILAS,,61
2004,038-A,MORELIA,,CONJUNTO HABITACIONAL CAMPESTRE DEL VERGEL,,310
2005,1,MORELIA,,AMPLIACION CONJUNTO HABITACIONAL CAMPESTRE DEL VERGEL,,310
2005,2,CIUDAD HIDALGO,,RANCHO VIEJO 1 RANCHO VIEJO 2 TEJAMANILES Y LOS AJOLOTES ,,20
2005,3,MORELIA,,JARDINES DE TORREMOLINOS ,PARA LAS CALLES EXHACIENDA DE CANTABRIA Y EXHACIENDA DE COPANDARO DEL 4,347
2005,4,MORELIA,,AVENIDA ALFREDO ZALCE                     El presente acuerdo deja sin efecto el nÑ 29/2004,ACCESO A LA ZONA URBANA IDENTIFICADA COMO FTO.  EN CONDOMINIO TRES MARIAS ,432
2005,5,URUAPAN,,PEDREGAL DE SAN MIGUEL ,,35
2005,6,MORELIA,,LOMAS DEL SUR ,,414
2005,7,SAHUAYO,,RINCON DE SAN ANDRES,,64
2005,8,MORELIA,,JARDINES DE LA AURORA,,191
2005,9,PATZCUARO,,EJIDO DE TZURUMUTARO ,,94
2005,10,MARCOS CASTELLANOS ,,TIPO POPULAR ARBOLEDAS ,,49
2005,11,MARCOS CASTELLANOS ,,TIPO POPULAR LOMAS DEL DURAZNO,,65
2005,12,ZAMORA,,LA JARRILLA,,65
2005,13,SAHUAYO,,SAN JOSE,,151
2005,14,SAHUAYO,,GUADALUPE,,191
2005,15,CIUDAD HIDALGO,,LOS CUITZILLOS,,20
2005,16,ZAMORA,,CARRETERA ZAMORA-JACONA ESQUINA RIO NUEVO ,,905
2005,17,COTIJA,,CALLE ZARAGOZA FRENTE AL PREDIO DENOMINADO LOS CORRALES A UN COSTADO DEL PANTEON ,,43
2005,18,ZAMORA,,CAMPESTRE SAN JOSE,,445
2005,19,ZAMORA,,LOMAS DE CHAPARACO,,470
2005,20,ZAMORA,,HACIENDA LOS ANGELES ,,310
2005,21,ZAMORA,,REAL DE JERICO,,1039
2005,22,ZAMORA,,VILLAS DE SAN ANTONIO,,374
2005,23,ZAMORA,,SAN JOSE,,470
2005,24,ZAMORA,,CONJUNTO HABITACIONAL ARIO DE RAYON,,280
2005,25,ZAMORA,,HUERTAS DE LA BEATILLA,,65
2005,26,ZAMORA,,SAN JOAQUIN LA RINCONADA ,,653
2005,27,MORELIA,,DEFENSORES DE LA REPUBLICA,,374
2005,28,MORELIA,,AMPLIACION LA ESPERANZA ,,251
2005,29,MORELIA,,CONJUNTO HABITACIONAL LOMAS DE LA MAESTRANZA ,,365
2005,30,ARTEAGA ,,EX HACIENDA LAS CAÑAS                     El presente acuerdo deja sin efecto el nÑ 18/2002,,5
2005,31,MORELIA,,MIRADOR DEL ANGEL ,,191
2005,32,MORELIA,,VALLE DEL DURAZNO,,65
2005,33,MORELIA,,ASENTAMIENTO LA BARRANCA,,94
2005,34,MARCOS CASTELLANOS ,,COLINAS DEL DURAZNO 2a ETAPA ,,94
2005,35,COTIJA,,CALLE GOMEZ FARIAS DEL SECTOR 4 MANZANAS 56 57 58 Y 59 DEL PREDIO DENOMINADO EL ARENAL ,,94
2005,36,COAHUAYANA ,,PALOS MARIAS ,,15
2005,37,COAHUAYANA ,,SAN VICENTE ,,25
2005,38,COAHUAYANA ,,SANTA MARIA MIRAMAR ,,15
2005,39,COAHUAYANA ,,EL TICUIZ,,20
2005,40,COAHUAYANA ,,EL OJO DE AGUA ,,25
2005,41,COAHUAYANA ,,ZAPOTAN ,,15
2005,42,LAZARO CARDENAS,,EN LAS CALLES NARCISO BASSOLS EN EL TRAMO COMPRENDIDO ENTRE LA AV. ARTEMIO DEL VALLE Y FRANCISCO NOYOLA ASI COMO PARA LA AV. 5 DE FEBRERO EN EL TRAMO COMPRENDIDO ENTRE LAS CALLES ANTES MENCIONADAS ASIMISMO PARA LA CALLE ARTEMIO DEL VALLE,,310
2005,43,ZAMORA,,CALLE PROLONGACION 5 DE MAYO ,,470
2005,44,TZITZIO,,TENENCIA DEL DEVANADOR EN SUS CALLES GUADALUPE VICTORIA MIGUEL HIDALGO P. JOSE RIVERA MARIANO MATAMOROS Y CARRETERA A MORELIA,,18
2006,44,TZITZIO,,TENENCIA DEL DEVANADOR EN SUS CALLES GUADALUPE VICTORIA MIGUEL HIDALGO P. JOSE RIVERA MARIANO MATAMOROS Y CARRETERA A MORELIA,Y PARA EL RESTO DE LAS CALLES ,10
2005,45,ZAMORA,,HUERTAS SAN JOAQUIN,,280
2005,46,ZAMORA,,REAL DEL VALLE,,374
2005,47,ZAMORA,,HACIENDA DEL VALLE,,310
2005,48,ZAMORA,,PRADOS DE VALENCIA ,,374
2005,49,ZAMORA,,REAL DE VALENCIA,,408
2005,50,ZAMORA,,EL CAMPANARIO,,374
2005,51,MORELIA,,23 DE MARZO,PARA LAS CALLES BEGENA JERECUARO Y TEHUANTEPEC ENTRE ACALPICAN Y CHERANATZICURIN ,151
2006,51,MORELIA,,24 DE MARZO,PARA EL RESTO DE LAS CALLES ,121
2005,52,MORELIA,,ARIO 1851,,151
2005,53,MORELIA,,TINIJARO,PARA LA VIALIDAD PRIMARIA ,220
2006,53,MORELIA,,TINIJARO,PARA LA VIALIDAD SECUNDARIA ,151
2007,53,MORELIA,,TINIJARO,PARA LA VIALIDAD TERCIARIA,121
2005,54,MORELIA,,LOMA DORADA ,PARA LA VIALIDAD PRIMARIA ,121
2006,54,MORELIA,,LOMA DORADA ,PARA LA VIALIDAD SECUNDARIA ,94
2005,56,MORELIA,,LOMAS DE LA AURORA ,,151
2005,57,MORELIA,,CIUDAD JARDIN ,PARA LAS CALLES JAUJA RONDANILLA CAPIRE ENTRE IHUATZIO Y JAUJA HUAJUMBARO ENTRE IHUATZIO Y JAUJA CAMPAZOS Y NOCUPETARO ENRE IGUATZIO Y JAUJA,121
2006,57,MORELIA,,CIUDAD JARDIN ,PARA EL RESTO DE LAS CALLES ,94
2005,58,MORELIA,,LOMAS DEL PEDREGAL ,PARA LAS CALLES JOSE MARIA CERVANTES Y GONZALO CIRILO PEREZ ,121
2006,58,MORELIA,,LOMAS DEL PEDREGAL ,PARA EL RESTO DE LAS CALLES,151
2005,59,MORELIA,,RESIDENCIAL TINIJARO,PARA LA CALLE FRANCISCO I. MADERO PONIENTE,220
2006,59,MORELIA,,RESIDENCIAL TINIJARO,PARA LAS CALLES PUERTO CAMPECHE Y PUERTO VALLARTA ,151
2007,59,MORELIA,,RESIDENCIAL TINIJARO,PARA LA CALLE PUERTO COATZACOALCOS Y LA CALLE PUERTO REAL EN EL TRAMO ENTRE PUERTO COATZACOALCOS Y PUERTO CAMPECHE ,121
2008,59,MORELIA,,RESIDENCIAL TINIJARO,PARA LA CALLE PUERTO REAL ENTRE PUERTO CAMPECHE Y PURETO VALLARTA ,151
2005,60,MORELIA,,JARDINES DE SINDURIO ,PARA LA CALLE ANGEL DEL CAMPO ,191
2006,60,MORELIA,,JARDINES DE SINDURIO ,PARA EL RESTO DE LAS CALLES ,155
2005,61,MORELIA,,PATRIOTAS REPUBLICANOS ,PARA LA CALLE AV. FRANCISCO I. MADERO ,191
2006,61,MORELIA,,PATRIOTAS REPUBLICANOS ,PARA LAS CALLES LOMA DORADA Y MARTIN RIVERO  ,121
2007,61,MORELIA,,PATRIOTAS REPUBLICANOS ,PARA EL RESTO DE LAS CALLES,94
2005,62,MORELIA,,MANUEL GARCIA PUEBLITA,,94
2005,63,MORELIA,,RINCON DEL ANGEL ,,151
2005,64,MORELIA,,SAN PASCUAL,PARA CALLE AV. FRANCISCO I. MADERO ,191
2006,64,MORELIA,,SAN PASCUAL,PARA LAS CALLES AV. IDELFONSO DE PORTUGAL AV. GENERAL SOSTENES ROCHAS GRAL ANTONIO ROSALES FRANCISCO GARCIA SALINAS Y CORONEL ESTEBAN CORONADO ,121
2007,64,MORELIA,,SAN PASCUAL,PARA EL RESTO DE LAS CALLES ,94
2005,65,MORELIA,,LA ESPERANZA ,PARA LAS CALLES JOAQUIN CAMPA Y AV. BENIGNO SERRATO ,191
2006,65,MORELIA,,LA ESPERANZA ,PARA EL RESTO DE LAS CALLES,151
2005,66,MORELIA,,LOMA BONITA,,94
2005,67,MORELIA,,CIUDAD INDUSTRIAL DE MORELIA CUARTA ETAPA,PARA LA CALLE VICEPRESIDENTE PINO SUAREZ EN EL TRAMO COMPRENDIDO A PARTIR DE LA AV. PASCUAL ORTIZ RUBIO EN DIRECCION NORTE HASTA SU COLINDANCIA CON LA VIA DEL FERROCARRIL EN DONDE SE LOCALIZA EL ACCESO DE LA UNIVERSIDAD TECNOLOGICA DE MORELIA,155
2005,68,MORELIA,,AV. HUANIQUEO EN EL TRAMO ENTRE LA CALLE BENIGNO SERRATO Y FELIX IRETA,,50
2006,1,ZAMORA,,HUERTAS DEL CERRITO,TODAS LAS CALLES ,287
2006,2,MORELIA,,MESOAMERICA,EN TODAS  LAS CALLES,511
2006,3,LOS REYES,,AGUA CLARA,EN TODAS LAS CALLES,4234
2006,4,MORELIA,,HERMENEGILDO GALEANA (ANTES VALLE DE LOS SAUCES),EN TODAS LAS CALLES,511
2006,5,MORELIA,,EJIDO DE  SAN ISIDRO ITZICUARO 3,CALLES ISATIRO JERUCO MIRIO OMICUARO ZURUMUCAPIO ATIJO AV. GRAL JOSE GRAGORIO PATIÑO TRAMO ENTRE ZURUMUTARO Y SIRITZICUARO AV; IMPERIO TARASCO TRAMO ENTRE SIRITZICUARO Y MIRO;  CUAMIO ENTRE AV. IMPERIO TARASCO Y AV. GRAL  JOSE GREGORIO PATIÑO; HUIZALA ENTRE AV. IMPERIO  TARASCO Y ENTRE AV. GRAL JOSE GREGORIO PATIÑO; OMICUARO ENTRE  AV. I MPERIO TARASCO  Y AV. GRAL JOSE GREGORIO PATIÑO; TANACO  ENTRE AV. IMPERIO TARASCO Y ATIJO; TANACO ENTRE AV. GRAL JOSE GREGORIO PATIÑO Y ZURUMUCAPIO: QUERUSEO ENTRE AV. IMPERIO TARASCO Y ATIJO; SACUMA ENTRE AV. IMPERIO TARASCO Y ATIJO; ZURUMUTARO ENTRE AV. IMPERIO TARASCO Y ATIJO; AV. IMPERIO TARASCO ENTRE ZURUMUTARO Y ATECUARO; SACUMA ENTRE ZURUMUCAPIO Y ACONTINUACION  AL NORTE DE  SACUMA; ZURUMUTARO ENTRER AV. GRAL ENTRE JOSE GREGORIO PATIÑO Y SU CONTINUACIOPN AL NORTE;  ATECUARO ENTRE AV. GRAL JOSE GREGORIO PATIÑO  Y SU CONTINUACION AL NORTE; ATECUARO ENTRE AV. GRAL  JOSE GREGORIO PATIÑO  Y SU CONTINUACION AL NORTE.     ,94
2006,5,MORELIA,,EJIDO SAN ISIDRO ITZICUARO 3,RESTO DE CALLES AV. GRAL JOSE GREGORIO PATIÑO  ENTRE  ZURUMUTARO Y TARIMORO; QUERUSEO ENTRE AV. GRAL JOSE GREGORIO PATIÑO Y AV. IMPERIO TARASCO; PATACHICUARO ENTRE AV. IMPERIO TARASCO Y ATIJO  SIRITZICUARO ENTRE AV. IMPERIO TARASCO  Y ATIJO Y DOS CALLES PARALELAS AL ORIENTE CUAMIO ENTRE AV. IMPERIO TARASCO; Y ATIJO;  HUIZALA ENTRE AV. IMPERIO TARASCO Y ATIJO; ATIJO ENTRE  SIRITZICUARO E ISARITO; AV. IMPERIO TARASCO ENTRE OMICUARO Y TANACO; TANACO ENTRE AV. IMPERIO TARASCO Y ZURUMUCAPIO; SACUMA ENTRE AV.IMPERIO TARASCO Y ZURUMUCAPIO; ATECUARO CARAMECUARO CHIHUERIO IZTAROHUATO JICALAN SIPIMO TARIMORO ATIJO  ENTRE ATECUARO  Y TARIMORO; AV. IMPERIO TARASCO ENTRRE ATECUARO Y TARIMORO.  ,121
2006,6,MORELIA, ,EJIDO SAN ISIDRO ITZICUARO 3,CALLES AV. GRAL  JOSE GREGORIO PATIÑO ENTRE POMACUARO Y SIRITZICUARO; AV. IMPERIO TARASCO  ENTRE SIRITZICUARO  Y PANTALA; ATZIMBARO  ENTRE TECARIO JUCUTACATO ATERIO; PINZANDARO ENTRE ARROYO Y OCURIO SORUCUARO ATIJO ENTRE PATAMBARO Y SU ESQUINA  CON JENGUARO; PORTUGAL ENTRE JURUREMBA  Y AV. IMPERIO TARASCO; JURUREMBA ENTRE ARROYO Y AV. IMPERIO TARASCO AV. GRAL JOSE GREGORIO PATIÑO  Y ATZIMBARO MARGEN DE ARROYO ; ZIRACUARO ENTRE AV. GENERAL JOSE GREGORIO PATIÑO Y LIMITE DEL EJIDO; TARECUARO ENTRE AV. GRAL JOSE GREGORIO PATIÑO Y LIMITE DEL EJIDO; SIRITZICUARO ENTRE AV. GRAL JOSE GREGORIO PATIÑO Y LIMITE DEL EJIDO;  ARINDEO BEJAMA  CAHUIRICA HUANCITO MARGEN  ARROYO ENTRE AV. IMPERIO TARASCO  E IXTALA. ,94
2007,6,MORELIA, ,EJIDO SAN ISIDRO ITZICUARO 3,RESTO DE CALLES VALOR ZIRACUARO  ENTRE AV GRAL  JOSE GREGORIO PATIÑO Y COMANJA; JUCUTACATO ENTRE AV. GRAL JOSE GREGORIO PATIÑO Y AV. IMPERIO TARASCO  IXTALA  ENTRE MARGEN DEL ARROYO Y AV. GRAL  JOSE GREGORIO PATIÑOTARECUATO MEXCALHUACA OCURIO PATAMBARO SIGUARIO  TAMACUA SIRITZICUARO JENGUARO CUANICUARO ATIJO ENTRE CANICUARO Y JENGUARO.,121
2006,7,MORELIA, ,EJIDO SAN ISIDRO ITZICUARO 1,CALLES ARARO AV. GRAL JOSE GREGORIO PATIÑO ENTRE TAHUAYAL Y ZIRACUARO BERNACHI COCUCHO  AV. GRAL  JOSE GREGORIO PATIÑO ENTRE MACATARO  Y TAHUAYAL  ZURUMBENEO CHERAN HUECORIO MACATARO  OPOPEO IRAPEO JANAMUATO CUANAJO  TECARIO ATZIMBARO ENTRE ARROYO Y ZIRACUARO MACATARO  RESTO DE CALLES JURUREMBA ENTRE POPOYUTLA Y AV. GRAL JOSE GREGORIO PATIÑO ZACANDARO ENTRE AV. GRAL JOSE GREGORIO PATIÑO  Y POPOYUTLA TAHUAYAL ENTRE AV. GRAL JOSE GREGORIO PATIÑO  Y POPOYUTLA ZACANDARO ENTRE TANIMERECHE  Y AV. IMPERIO TARASCO SICUICHO ENTRE POPOYUTLA Y TANIMERECHE PANTLA  ENTRE POPOYUTLA  Y TANIMERECHE POPOYUTLA ENTRE  PANTLA  Y TAHUAYAL  CALLE PARALELA  AL NORTE DE AV.  IMPERIO TARASCO ( AREA DE DONACION) TAHUAYAL Y JURUREMBA  QUERENGUARO ENTRE AV GRAL  JOSE GREGORIO PATIÑO  Y CUANAJO. ,94
2007,7,MORELIA, ,EJIDO SAN ISIDRO ITZICUARO 2,RESTO DE CALLES  CALLE PARALELA AL NORTE  DE AV. IMPERIO TARASCO (AREA DE DONACION) ENTRE PANTLA Y TAHUAYAL; TANIMERECHE ENTRE PANTLA  Y JURUREMBA; POPOYUTLA ENTRE TAHUYAL Y JURUREMBA  SICUICHO ENTRE AV. GRAL  JOSE GREGORIO PATIÑO Y POPOYUTLA; PANTLA  ENTRE CUANAJO  Y POPOYUTLA  PANTLA ENTRE TANIMERECHE  Y AV. IMPERIO TARASCO JURUREMBA  ENTRE POPOYUTLA ENTRE CALLE PARALELA AL NORTE  DE LA AV. IMPERIO TARASCO  (AREA DE DONACION) ZACANDARO ENTRE POPOYUTLA Y TANIMERECHE; TAHUAYAL ENTRE POPOYUTLA Y CALLE  PARALELA  AL NORTE  DE LA AV.  IMPERIO TARASCO (AREA DE DONACION). ZACANDARO  ENTRE POPOYUTLA  Y TANIMERECHE; TAHUAYAL ENTRE  POPOYUTLA Y CALLE PARALELA  AL NORTE DE LA AV. IMPERIO TARASCO ( AREA DE DONACION). SICUICHO  ENTRE TANIMERECHE  Y CALLE  PARALELA AL NORTE  DE LA AV. IMPERIO TARASCO (AREA DE DONACION). ,121
2008,7,MORELIA, ,EJIDO SAN ISIDRO ITZICUARO 3,AV. IDELFONSO DE PORTUGAL ,191
2006,8,SAHUAYO,,LA FLOR DEL AGUA ,,21
2006,9,MORELIA,,PARQUE ECOLOGICO DEL FTO. PRADOS DEL CAMPESTRE ,EN TODO EL PREDIO ,155
2006,10,TARIMBARO,,SAN BERNABE DE LA CANTERA ,EN TODAS LAS CALLES ,258
2006,11,ZAMORA,,LA AVENIDA DEL ARBOL,,447
2006,12,MORELIA,,PARAISO MONARCA,EN TODAS LAS CALLES ,197
2006,13,SAHUAYO,,MIRADORES DEL TEPEYAC ,EN TODAS LAS CALLES,197
2006,14,JACONA ,,EL ASERRADERO ,EN AMPLIACION CALLE ZAMORA HASTA CALLE PERIBA ,287
2007,14,JACONA ,,EL ASERRADERO ,PARA AMPLIACION CALLES  PARACHO TEPALCATEPEC  QUIROGA  TINGUINDIN TRAMO ENTRE CALLE ZAMORA  Y CALLE APATZINGAN  ,258
2008,14,JACONA ,,EL ASERRADERO ,PARA CALLE PERIBAN  TRAMO ENTRE CALLE ZAMORA  Y CALLE JIQUILPAN ,258
2006,15,COALCOMAN ,,SAN JOSE DE LA MONTAÑA ,,19
2006,16,MORELIA,,VILLAS DE LANCASTER,,263
2006,17,ZAMORA ,,CONJUNTO  HABITACIONAL EL PARQUE ,EN TODAS LAS CALLES,287
2006,18,ZACAPU,,CALLE PRIVADA  DE ZARAGOZA NUMERO DE PREDIO 012269,TODO EL TERRENO ,97
2006,19,ZAMORA ,,CALLE CORREGIDORA ,,287
2006,20,ZAMORA ,,COTO SAN NICOLAS ,TODAS LAS CALLES,374
2006,21,COTIJA,EJIDO DE AYUMBA POBLADO  LA RESOLANA ,TRAMO CARRETERA ESTATAL COTIJA TOCUMBO ENTRE SOLAR 10 Y SOLAR 12 (FRENTE A LA ESCUELA PRIMARIA),,21
2006,22, LA PIEDAD,,LOS OLIVOS,EN TRAMO ENTRE AVENIDA MICHOACAN A CALLE LEYES DE REFORMA,458
2007,22, LA PIEDAD,,LOS OLIVOS,TRAMO ENTRE CALLE LEYES DE REFORMA A  AV. SOSTENES ROCHA ,420
2006,23,LA PIEDAD,,EL PITAYITO,EN TODAS LAS CALLES ,319
2006,24,LA PIEDAD,,LUIS DONALDO COLOSIO MURRIETA,EN TODAS LAS CALLES,319
2006,25,LA PIEDAD,,DELTA,EN AV. AQUILES Y MINERVA,376
2007,25,LA PIEDAD,,DELTA,EN RESTO DE CALLES ,319
2006,26,LA PIEDAD ,,JARDINES DEL CERRO GRANDE ,EN TODAS LAS CALLES,458
2006,27,LA PIEDAD ,,RINCONADA JESUS ROMERO FLORES( MANZANA NO 1) RINCONADA JOSE MARIA CAVADAS (MANZANA 2)  RINCONADA MANUEL AYALA TEJEDA  (MANZANA NO 3) Y RINCONADA ARTURO SANCHEZ (MANZANA  NO 4) ,,226
2006,28,LA PIEDAD ,,REAL CUMBRES ,MONTE BLANCO Y MONTE EVEREST ENTRE AV. SOSTENES ROCHA Y PROLONGACION URANO,376
2007,28,LA PIEDAD ,,REAL CUMBRES ,EN RESTO DE CALLES  ,319
2006,29,SAHUAYO,,LOS OLIVOS,EN TODAS LAS CALLES ,287
2006,30,SAHUAYO,,LOMA BONITA ,EN TODAS LAS CALLES ,44
2006,31,ZAMORA,,VIRREYES,EN TODAS LAS CALLES ,458
2006,32,ZAMORA,,CENTRO REGIONAL DE ABASTOS DE ZAMORA- JACONA ,EN TODAS LAS CALLES ,258
2006,33,SAHUAYO,,LOS ANGELES,EN TODAS LAS CALLES,319
2006,34,JIQUILPAN ,,COLINAS DEL PARAISO ,EN TODAS LAS CALLES ,287
2006,35,MORELIA,,LA NUEVA ALDEA,EN TODAS LAS CALLES,226
2006,36,MORELIA,,VALENTIN  GOMEZ FARIAS,EN TODAS LAS CALLES,226
2006,37,ZAMORA,,NUEVO VALENCIA ,EN TODAS LAS CALLES,287
2006,38,ZINAPECUARO,,POTRERO DEL TULE ,EN TODO EL PREDIO ,19
2006,39,JACONA ,,TABACHINES, EN CALLE RUBEN C. NAVARRO,358
2007,39,JACONA ,,TABACHINES,EN RESTO DE CALLES,287
2006,40,MORELIA,,AMPLIACION MARIANO JIMENEZ,EN TODAS LAS CALLES ,319
2006,41,HUETAMO ,,CONJUNTO HABITACIONAL LOS ALMENDROS ,EN TODAS LAS CALLES ,197
2006,42,MORELIA ,,ANA SOFIA CLUSTER,EN TODAS LAS CALLES ,644
2007,1,JACONA ,,RESIDENCIAL ORANDINO                      El presente acuerdo queda sin efecto por el nÑ 020/2007,EN  BOULEVARD ORANDINO ,905
2008,1,JACONA ,,RESIDENCIAL ORANDINO                      El presente acuerdo queda sin efecto por el nÑ 020/2008,EN RESTO DE CALLES ,833
2007,2,SAHUAYO,,PARCELA NÑ 38 Z-3 P 1/3 DEL EJIDO LA YERBABUENA ,EN TODO EL PREDIO ,101
2007,3,MORELIA,,REAL UNIVERSIDAD ,EN TODAS LAS CALLES ,465
2007,4,MORELIA,, ,EN TODAS LAS CALLES ,465
2007,5,MORELIA,,PASEO DE LA CASTELLANA ,EN TODAS LAS CALLES ,373
2007,6,SAHUAYO,,PUERTA REAL ,EN TODAS LAS CALLES ,205
2007,006-A,SAHUAYO,,SAHUAYO RESIDENCIAL ,EN TODAS LAS CALLES ,205
2007,7,MORELIA,,NUCLEO AGRARIO ISSAC  ARRIAGA  O COL.  ILUSTRES NOVOHISPANOS ,EN AV.  FRAN SEBASTIAN  DE APARICIO,235
2008,7,MORELIA,,NUCLEO AGRARIO ISSAC  ARRIAGA  O COL.  ILUSTRES NOVOHISPANOS ,EN RESTO DE CALLES,205
2007,8,JACONA ,,SAN ANGEL,EN AVENIDA DE ACCESO CON CAMELLON,391
2008,8,JACONA ,,SAN ANGEL,EN RESTO DE CALLES,332
2007,9,COTIJA,,LOS CORRALES,EN CALLE PROLONGACION MADERO SOBRE CARRETERA COTIJA- TOCUMBO DE LA ESCUELA COLEGIO DE BACHILLERES  HASTA  FTO EL CAMPESTRE,167
2008,9,COTIJA,,LOS CORRALES,EN CALLE FELIPE ARRIAGA ASI COMO EN TODAS LAS CALLES PERPENDICULARES A LA CARRETERA COTIJA- TOCUMBO,69
2009,9,COTIJA,,LOS CORRALES,HASTA LA ALTURA DE LA CALLE SIN NOMBRE PARALELA A LA CARRETERA COTIJA- TOCUMBO EN DONDE SE UBICA  LA UNIDAD DEPORTIVA  Y EL RESTO DE CALLES LAS MAS ALEJADAS DE LA CARRETERA COTIJA- TOCUMBO.,22
2007,10,COTIJA,,EJIDO DE COAMEO GRANDE,EN EJIDO DE COAMEO GRANDE ,9
2007,11,MORELIA,,VILLAS DEL SUR ,EN TODAS LAS CALLES ,332
2007,12,CHARO ,,NUEVO HORIZONTE,EN TODAS LAS CALLES ,9
2007,13,JACONA ,,LOS FRESNOS ,EN TODAS LAS CALLES,938
2007,14,JACONA ,,REAL DEL VALLE ,EN TODAS LAS CALLES,733
2007,15,MORELIA,,SAN MIGUEL ,EN TODAS LAS CALLES,465
2007,16,VISTA HERMOSA ,,LOS PILARES,CALLE NIÑOS HEROES,69
2008,16,VISTA HERMOSA ,,LOS PILARES,CALLE BENITO JUAREZ ,53
2009,16,VISTA HERMOSA ,,LOS PILARES, CALLE JOSE MARIA MORELOS,46
2010,16,VISTA HERMOSA ,,LOS PILARES, CALLE MIGUEL HIDALGO,46
2011,16,VISTA HERMOSA ,,LOS PILARES, CALLE VICENTE GUERRERO,37
2012,16,VISTA HERMOSA ,,LOS PILARES,CALLE VENUSTIANO CARRANZA,37
2013,16,VISTA HERMOSA ,,LOS PILARES,CALLE EMILIANO  ZAPATA,46
2014,16,VISTA HERMOSA ,,LOS PILARES,CALLE FRANCISCO I. MADERO ,53
2015,16,VISTA HERMOSA ,,LOS PILARES,CALLE ENTRE NIÑOS HEROES Y MIGUEL HIDALGO Y ENTRE MIGUEL HIDALGO Y VICENTE GUERRERO ,37
2016,16,VISTA HERMOSA ,,LOS PILARES,CALLE 20 DE NOVIEMBRE ,69
2017,16,VISTA HERMOSA ,,LOS PILARES,CALLE ENTRE  NIÑOS HEROES  Y BENITO JUAREZ ,53
2018,16,VISTA HERMOSA ,,LOS PILARES,CALLE ENTRE BENITO JUAREZ Y JOSE MARIA MORELOS ,46
2019,16,VISTA HERMOSA ,,LOS PILARES,ENTRE MARIA MORELOS  Y VICENTE GUERRERO  EN CALLE LAZARO CARDENAS ,53
2020,16,VISTA HERMOSA ,,LOS PILARES,CALLE ENTRE NIÑOS HEROES  Y MIGUEL HIDALGO ,37
2021,16,VISTA HERMOSA ,,LOS PILARES,CALLE ENTRE MIGUEL HIDALGO Y VICENTE GUERRERO ; EN CALLE  5 DE MAYO ,46
2022,16,VISTA HERMOSA ,,LOS PILARES,CALLE ENTRE NIÑOS HEROES Y BENITO JUAREZ ENTRE BENITO JUAREZ  Y  VICENTE GUERRERO.  ,37
2007,17,VISTA HERMOSA ,,EL ALVAREÑO ,EN CALLE PRESA GONZALO  Y TRAMO DE CARRETERA  A VISTA HERMOSA  Y  EL CAMPANARIO ,113
2008,17,VISTA HERMOSA ,,EL ALVAREÑO ,EN CALLE RIO LERMA  HASTA  CALLE RIO ZITACUARO ,113
2009,17,VISTA HERMOSA ,,EL ALVAREÑO ,CALLE RIO LERMA DESDE CALLE RIO ZITACUARO  EN ADELANTE ,69
2010,17,VISTA HERMOSA ,,EL ALVAREÑO ,EN CALLES RIO NESPA RIO DUERO  LAGO DE PATZCUARO RIO MIXTECO  Y COL. DEL SOL  ,101
2011,17,VISTA HERMOSA ,,EL ALVAREÑO ,EN CALLE LAGO DE CAMECUARO LAS NUTRIAS RIO ZITACUARO RIO COALCOMAN GREGORIO HERRERA RIO AQUILA ,69
2007,18,VISTA HERMOSA,,EL CUENQUEÑO,EN CALLE RIO LERMA  FRANCISCO VILLA DEL REFUGIO  20 DE NOVIEMBRE E INDEPENDENCIA,113
2008,18,VISTA HERMOSA,,EL CUENQUEÑO,EN CALLES AV. DE LAS PALMAS JACARANDAS LAZARO CARDENAS VENUSTIANO CARRANZA EMILIANO ZAPATA.  ,101
2009,18,VISTA HERMOSA,,EL CUENQUEÑO,CALLE RIO DUERO CALLE EJIDO MIGUEL HIDALGO DE CALLE EJIDO HASTA RIO LERMA  Y COLONIA GUADALUPANA.,69
2010,18,VISTA HERMOSA,,EL CUENQUEÑO, EN CALLES PROF RAMIRO ZENDEJAZ CUAUHTEMOC JOSE MARIA MORELOS DOC CERVANTES  Y MIGUEL HIDALGO DE CALLE EJIDO  HACIA EL SUR ,53
2007,19,ZAMORA,,REAL DEL VALLE ,EN TODAS LAS CALLES,205
2007,20,JACONA,,RESIDENCIAL ORANDINO                      El presente acuerdo deja sin efecto el nÑ 001/2007,EN BOULEVARD ORANDINO,465
2008,20,JACONA,,RESIDENCIAL ORANDINO                      El presente acuerdo deja sin efecto el nÑ 001/2008,EN RESTO DE CALLES,437
2007,21,MORELIA,,CAMPESTRE ERANDENISAN JOSE,EN TODAS LAS CALLES,701
2007,22,URUAPAN,,CALLE NIÑO OBRERO,TRAMO COMPRENDIDO ENTRE CALLE ZACATECAS Y CALLLE NORTE SECTOR 28,269
2007,23,TEPALCATEPEC,,CALLEJON SIN NOMBRE ,ENTRE CALLE 20 DE NOVIEMBRE Y CALLE URUGUAY,69
2007,24,TACAMBARO,,EL RENACIMIENTO,EN TODAS LAS CALLES ,167
2007,25,MORELIA,,LOMA DE LOS VIÑEDOS ,EN TODAS LAS CALLES,167
2007,26,MORELIA,,EL CHARCO,EN TODO EL PREDIO ,53
2007,27,LA PIEDAD,,LA LUNETA,TODO EL FRACCIONAMIENTO,32
2007,28,URUAPAN,,RESIDENCIAL LA VIEGEN,EN TODAS LAS CALLES,504
2007,29,TARETAN,,MONTE BELLO,EN TODO EL FRACCIONAMIENTO,161
2007,30,MORELIA,,SAN MATEO ,EN TODAS LAS CALLES,391
2007,31,SAHUAYO,,LLANOS DE SAHUAYO,,29
2007,32,ACUITZIO DEL CANJE ,,LAS CANOAS LOTIFICACIONES FRACC. PARCELA 29 Z-1-P/1 FRACC. PARCELA 13 Z-1P-1/1 FRACC. PARCELA 29 Z-1P-1/1 FRACC. PARCELA 13 Z-1P-1/1 FRACC. PARCELA 38 Z-1P-1/1 ,,53
2008,1,MORELIA,,RINCON DE LA MONTAÑA Y RINCON DE LA MONTAÑA II,EN TODAS LAS CALLES,975
2008,2,MORELIA,,LA AURORA,EN TODAS LAS CALLES,280
2008,3,VENTUSTIANO CARRANZA ,,SAGRADO CORAZON DE JESUS,EN TODAS LAS CALLES,72
2008,4,TARIMBARO,,LA LADERA ,EN TODAS LAS CALLES,72
2008,5,MORELIA,JESUS DEL MONTE,LAS CRUCES RESIDENCIAL,EN TODAS LAS CALLES,975
2008,6,LA PIEAD,,PLAN DE AYALA,EN TODAS LAS CALLES,21
2008,7,MORELIA,ATAPANEO,PREDIO RUSTICO FRACCION A DE LA PARCELA 52 Z-1P1/1,EN TODO EL PREDIO ,72
2008,8,TEPALCATEPEC,,TERRENO URBANO QUE SE UBICA EN LA CALLE SIN NOMBRE Y QUE CORRESPONDE AL PREDIO NUM. 081861 UBICADO EN EL SECTOR 4 MANZANA 73 ENTRE LAS CALLES PANAMA Y CALLEJON SIN NOMBRE,ZONA URBANA DELIMITADA,72
2008,9,ZAMORA,,HACIENDA LA NUEVA ERA ,ZONA URBANA DELIMITADA,388
2008,10,ZAMORA,,COTO HACIENDA LAS FUENTES,ZONA URBANA DELIMITADA,388
2008,11,ZAMORA,,EXCLUSIVO EL LAGO DEL BOSQUE,ZONA URBANA DELIMITADA,627
2008,12,ZAMORA,,RECIDENCIAL CASAS DE ALTOS,ZONA URBANA DELIMITADA,311
2008,13,ZAMORA,,QUINTA SAN MIGUEL,ZONA URBANA DELIMITADA,280
2008,14,ZAMORA,,PUERTA GRANDE,ZONA URBANA DELIMITADA,280
2008,15,ZAMORA,,EL PARQUE,ZONA URBANA DELIMITADA,280
2008,16,ZAMORA,,LOMA BONITA,ZONA URBANA DELIMITADA,388
2008,17,ZAMORA,,RECIDENCIAL HUERTAS DEL CERRITO,ZONA URBANA DELIMITADA,627
2008,18,ZAMORA,,RECIDENCIAL MONTE OLIVO,ZONA URBANA DELIMITADA,280
2008,20,ZAMORA,,RECIDENCIAL SANTA MARIA,ZONA URBANA DELIMITADA,866
2008,21,MORELIA,,MISION DE SAN DIEGO  SECTOR 51 MZ 34 ,ZONA URBANA DELIMITADA,553
2008,22,CIUDAD HIDALGO,,GALLEGOS ,ZONA URBANA DELIMITADA,21
2008,23,MORELIA,,LA CAMPIÑA,ZONA URBANA DELIMITADA,213
2008,24,SAHUAYO,,BELLA VISTA ,ZONA URBANA DELIMITADA,39
2008,25,CIUDAD HIDALGO,,AQUILES CORDOBA ,ZONA URBANA DELIMITADA,174
2009,25,CIUDAD HIDALGO,,AQUILES CORDOBA ,PARA EL RESTO DE LOS PREDIOS ,135
2008,26,URUAPAN,,LOMAS DEL REY,EN TODAS LAS CALLES,406
2008,27,URUAPAN,,MEDITERRANEOS,EN TODAS LAS CALLES,696
2008,28,COAHUAYANA ,,COLONIA 20 DE NOVIEMBRE,ZONA URBANA DELIMITADA,135
2008,29,SALVADOR ESCALANTE,,SAN ISIDRO,ZONA URBANA DELIMITADA,55
2009,29,SALVADOR ESCALANTE,,SAN ISIDRO,PREDIOS CON FRENTE A LA CARRETERA Y PARA EL RESTO DEL FTO ,30
2008,30,JACONA,,MIRADOR DEL VALLE,PARA TODAS LAS CALLES ,213
2008,31,JACONA,,MI CASITA ,PARA TODAS LAS CALLES ,406
2008,32,JACONA,,LOS PINOS,PARA LAS AV. PRINCIPALES PERLA ESMERALDA Y DIAMANTE.,229
2009,32,JACONA,,LOS PINOS,PARA EL RESTO DE LAS CALLES,213
2008,33,JACONA,,LA LUZ,PARA TODAS LAS CALLES ,345
2008,34,JACONA,,RINCON DE LA HUERTA,PARA TODAS LAS CALLES ,1008
2008,35,JACONA,,QUINTAS LAS ESPERANZAS,PARA LA AV. PRINCIPAL.,229
2009,35,JACONA,,QUINTAS LAS ESPERANZAS,PARA EL RESTO DE LAS CALLES,213
2008,36,JACONA,,EXTREMADURA RESIDENCIAL,PARA TODAS LAS CALLES ,1157
2008,37,JACONA,,COTO HACIENDA SAN PABLO,PARA TODAS LAS CALLES ,524
2008,38,JACONA,,SAN ANGEL,PARA TODAS LAS CALLES ,665
2008,39,JACONA,,CAMPESTRE CURUTARAN ,PARA TODAS LAS CALLES ,213
2008,40,JACONA,,LA PEÑITA DE SAN PABLO ,PARA TODAS LAS CALLES ,627
2008,41,JACONA,,HUERTAS DE LA HACIENDA,PARA TODAS LAS CALLES ,105
2009,1,TEPALCATEPEC,,BUGAMBILIAS,ZONA URBANA DELIMITADA,185
2009,2,MORELIA,,TINIJARO,ZONA URBANA DELIMITADA,143
2009,3,JACONA,,HUERTAS DE LA HACIENDA,EN TODAS LAS CALLES ,135
2009,4,MORELIA,,ABESTOS,ZONA URBANA DELIMITADA,888
2009,5,MORELIA,,PASEO DE MORELIA,ZONA URBANA DELIMITADA,76
2009,6,SAHUAYO,,JOSE SANCHEZ DEL RIO ,ZONA URBANA DELIMITADA,366
2010,6,SAHUAYO,,JOSE SANCHEZ DEL RIO ,PARA LOS LOTES QUE TENGAN FRENTE A LA CALZADA  AMEZCUA Y  PARA TODAS LAS DEMAS CALLES ,259
2009,7,CIUDAD HIDALGO ,,LA TEJA,ZONA URBANA DELIMITADA,76
2009,8,MORELIA,,VALLE DEL PARAISO,ZONA URBANA DELIMITADA,226
2009,9,MORELIA,,LOS MANZANOS,ZONA URBANA DELIMITADA,412
2009,10,TARIMBARO,,LAS ESPIGAS,ZONA URBANA DELIMITADA,297
2009,11,MORELIA,,CAMPESTRE DEL MONTE,ZONA URBANA DELIMITADA,1036
2009,12,MORELIA,,VILLAS DE SANTA MARIA,ZONA URBANA DELIMITADA,412
2009,13,HUACANA,CUPUAN DEL RIO,DONDE SE UBICAN LAS INSTALACIONES DE  GENERAL MOTORS,ZONA URBANA DELIMITADA,11
2009,14,LAZARO CARDENAS,,JARDINES ,ZONA URBANA DELIMITADA,143
2009,15,TANGANCICUARO ,,VALLE VERDE ,ZONA URBANA DELIMITADA,259
2009,16,MORELIA,,POTRERO DE LA PRESA ,ZONA URBANA DELIMITADA,76
2009,17,TINGAMBATO,,MAGISTERIO,ZONA URBANA DELIMITADA,143
2009,18,MORELIA,,LA ESTANCIA,ZONA URBANA DELIMITADA,76
2009,19,TEPALCATEPEC,,EN EL PREDIO 001772 SEC 1 MZ 79 CARRETERA APATZINGAN- TEPALCATEPEC S/N ,ZONA URBANA DELIMITADA,112
2009,20,ZAMORA,,LAGO DEL BOSQUE,ZONA URBANA DELIMITADA,920
2009,21,COALCOMAN ,,CHINISTLA,ZONA URBANA DELIMITADA,112
2009,22,MORELIA,,EX HACIENDA LA SOLEDAD,ZONA URBANA DELIMITADA,112
2009,23,MORELIA,,LOS GIGANTES,ZONA URBANA DELIMITADA,143
2009,24,SAHUAYO,,PASEO DE LAS AGUILAS,ZONA URBANA DELIMITADA,177
2009,25,TACAMBARO,,EX HACIENDA DE CANICUARO,ZONA URBANA DELIMITADA,183
2009,26,MORELIA,,SAN MATEO  II,ZONA URBANA DELIMITADA,431
2009,27,MORELIA,,RESIDENCIAL LIMA,ZONA URBANA DELIMITADA,999
2009,28,JIQUILPAN ,,EL  LLANO II,ZONA URBANA DELIMITADA,143
2009,29,CHAVINDA,,VEREDAS DEL PADRE OCHOA ,ZONA URBANA DELIMITADA ,111
2009,30,COALCOMAN ,,SAN JUAN DEL RIO,ZONA URBANA DELIMITADA,259
2010,1,MORELIA,ATECUARO,CALLE MARIANO MATAMOROS,ZONA URBANA DELIMITADA,42
2010,2,MORELIA,,EN EL ASENTAMIENTO PRO VIVIENDA DE TRABAJADORES DEL CBTA 7 A.C. UBICADA  EN LA  EX ESCUELA CENTRAL AGRICOLA   LA HUERTA EN ESTA CIUDAD.,ZONA URBANA  DELIMITADA,184
2010,002-A,HUANDACAREO,,SAN JOSE CUARO EL ALTO,ZONA URBANA DELIMITADA,63
2010,3,MORELIA,,CLARA CORDOBA ,ZONA URBANA DELIMITADA,192
2010,4,SAHUAYO,,AVENIDA BUGAMBILIAS NO 435,ZONA URNANA DELIMITADA,149
2010,5,COALCOMAN ,,PREDIO DENOMINADO LA CHICHIHUA,ZONA URBANA,53
2010,6,TANGANCICUARO ,,VALLE VERDE ,ZONA URBANA DELIMITADA,116
2010,7,MORELIA,,ARBOLEDAS DE LA HUERTA ,ZONA URBANA DELIMITADA,768
2010,8,CHARAPAN ,,LLANO DE SAN MIGUEL ,ZONA URBANA DELIMITADA ,60
2010,9,COTIJA,,EL GIRASOL,ZONA URBANA DELIMITADA,60
2011,9,COTIJA,,EL GIRASOL,PARA LA PRIMERA Y SEGUNDA  SECCION. ,45
2010,10,COALCOMAN ,,LA PAROTA,ZONA URBANA DELIMITADA PARA TODAS SUS CALLES.,33
2010,11,COAHUAYANA,,COSTA DE MICHOACAN ,ZONA URBANA DELIMITADA  PARA TODAS SUS CALLES. ,33
2010,12,MARCOS  CASTELLANOS ,,EL CAMPANARIO,ZONA URBANA DELIMITADA EN TODAS SUS CALLES ,235
2010,13,MORELIA,,BOULEVARD JEFFERSON ,ZONA URBANA DELIMITADA PARA TODAS SUS CALLES.,768
2010,14,MARCOS  CASTELLANOS ,,JARDINES DEL PARAISO ,ZONA URBANA DELIMITADA.,79
2010,15,MORELIA,,LOS CIRUELOS ,ZONA URBANA DELIMITADA ,380
2010,16,MORELIA,,LAS PALAMAS. Nota a dicho fto le fue asignado un valor de $294.00 en el aÑo 2001.,ZONA URBANA DELIMITADA,380
2010,17,GUACAMAYAS,,LOS GIRASOLES PRIMERA ETAPA,ZONA URBANA DELIMITADA SOBRE LA AV. BELISARIO  DOMINGUEZ ,501
2011,17,GUACAMAYAS,,LOS GIRASOLES PRIMERA ETAPA,PARA EL RESTO DEL FTO ,428
2010,18,HUETAMO,,BICENTENARIO ,ZONA URBANA DELIMITADA,380
2010,19,HUETAMO,,Bicentenario                     El presente acuerdo deja sin efecto el nÑ 18/2010,ZONA URBANA DELIMITADA,269
2010,20,IXTLAN ,,CAMUATO ,ZONA URBANA DELIMITADA ,116
2010,21,IXTLAN ,,LA ESTANZUELA,ZONA URBANA DELIMITADA ,116
2010,22,IXTLAN ,,LA PLAZA DEL LIMON ,ZONA URBANA DELIMITADA ,79
2010,23,IXTLAN ,,EL COLONGO,ZONA URBANA DELIMITADA ,79
2010,24,IXTLAN ,,EL LIMON,ZONA URBANA DELIMITADA ,116
2010,25,IXTLAN ,,EL SALITRE,ZONA URBANA DELIMITADA ,79
2010,26,IXTLAN ,,EL RINCON DEL MEZQUITE,ZONA URBANA DELIMITADA ,79
2010,27,IXTLAN ,,SAN CRISTOBAL ,ZONA URBANA DELIMITADA ,79
2010,28,IXTLAN ,,SAN SIMON,PARA EL CERRO,79
2011,28,IXTLAN ,,SAN SIMON,PARA LO PLANO,116
2010,29,IXTLAN,,VALENCIANO,PARA EL CERRO ,79
2011,29,IXTLAN,,VALENCIANO,PARA LO PLANO,116
2010,30,MARCOS CASTELLANOS,,JARDINES DE BELEN ,ZONA URBANA DELIMITADA ,79
2011,1,HUETAMO,,BICENTENARIO,PARA TODAS LAS VIALIDADES,80
2011,2,HUANDACAREO,,SAN JOSE CUARO EL ALTO,PARA TODAS SUS VIALIDADES ,63
2011,3,MORELIA,,BARRANCA SECA ,VIA PRINCIPAL,801
2012,3,MORELIA,,BARRANCA SECA ,PARA VIAS INTERNAS,657
2011,4,SAHUAYO,,CALLE SIN NOMBRE LLANO DE SAHUAYO UBICADO EN EL SEC 8 MZ 111,ZONA URBANA DELIMITADA ,63
2011,5,MORELIA,,CAMPO REAL ,,571
2011,6,MORELIA,,AMPLIACION CLARA CORDOBA ,,82
2011,7,TARIMBARO,,COLINAS DE LA PALMA ,ZONA URBANA DELIMITADA ,200
2011,8,QUIROGA,,LA PALMA O PALMERA,ZONA URBANA DELIMITADA ,11
2011,9,LA PIEDAD,,MELCHOR OCAMPO,ZONA URBANA DELIMITADA ,155
2011,10,MARCOS CASTELLANOS ,, LA MESITA ,ZONA URBANA DELIMITADA ,44
2011,11,SAHUAYO,,LOS PINOS,ZONA URBANA DELIMITADA,245
2012,1,MORELIA,,LOS VERGELES ,,160
2012,2,SAHUAYO,,LAS VIBORAS,,85
2012,3,MORELIA,,FUERZA TARASCA,,85
2012,4,MORELIA,,ESMERALDA,,701
2012,5,TARIMBARO,,EL PRADO,,272
2012,6,TANGANCICUARO,,LOS ENCINOS,,46
2012,7,MORELIA,,CAMPONUBES,,483
2012,8,TARIMBARO,,VILLA SOFIA,,272
2012,9,MORELIA,,"LA NUEVA ALDEA SECCION ""B""",,462
2012,10,JACONA,,LA PEÑITA DE SAN PABLO ,,410
2012,11,MORELIA,,VILLAS DEL SUR II,,410
2012,12,JACONA,,ARCO IRIS,,140
2012,13,JACONA,,EL NUEVO PORVENIR,,199
2012,14,JACONA,,EL OPEÑO,,332
2012,15,JACONA ,,SANTA ISABEL,,207
2012,16,JACONA ,,J. MUJICA ,,207
2012,17,JACONA,,LOMA BONITA,,160
2012,18,JACONA ,,LOMAS DEL MANANTIAL ,,160
2012,19,JACONA ,,LOMAS UNIVERSIDAD,,199
2012,20,JACONA ,,MIGUEL HIDALGO 1a SECCION ,,160
2012,21,JACONA ,,PALITO VERDE ,,254
2012,22,JACONA ,,RANCHO NUEVO ,,160
2012,23,JACONA ,,LOS PIRULES,PARA EL ACCESO E INTERMEDIO ,625
2013,23,JACONA ,,LOS PIRULES,PARA EL FONDO ,548
2012,24,JACONA ,,QUINTA LOS FRESNOS ,PARA EL ACCESO ,497
2013,24,JACONA ,,QUINTA LOS FRESNOS ,PARA INTERMEDIOS,410
2014,24,JACONA ,,QUINTA LOS FRESNOS ,PARA EL FONDO ,332
2012,25,TARETAN ,,DESARROLLO LAGO AZUL,,199
2013,1,MORELIA,,PUERTAS TRES MARIAS NORTE Y SUR ,,1168
2013,2,MORELIA,,POBLADO EJIDAL ISAAC ARRIAGA,,265
2013,3,MORELIA,,HACIENDA PEÑASCO,,599
2013,4,HUIRAMBA ,,LA LOMA ,,48
2013,5,JIQUILPAN ,,PALOS ALTOS ,,89
2013,6,MORELIA,,PASEO DE LA PRIMAVERA ,,1007
2013,7,MORELIA,,RINCONADA DEL SUR ,,167
2013,8,TACAMBARO,,EX HACIENDA EL MAYORAZGO,,303
2013,9,LAZARO CARDENAS,,AMPLIACION CERRITO,,265
2013,10,LAZARO CARDENAS,,LUIS DONALDO COLOSIO,,265
2013,11,LAZARO CARDENAS,,AZTECA REAL DEL 14,,216
2013,12,MORELIA,,LOS MIRASOLES,,994
2013,13,MORELIA,,CBTA  NÑ 7,,385
2013,14,IXTLAN DE LOS HERVORES,,EL LLANO                                                       SECTOR 5 MANZANA DE LA 1 A LA 28  ,,167
2013,15,IXTLAN DE LOS HERVORES,,LINDA VISTA  SECTOR 1 MANZANAS 19 20 Y 23,,89
2013,16,IXTLAN DE LOS HERVORES,,RANCHO NUEVO SECTOR 1 MANZANAS 18 24 25 26 Y 27,,48
2013,17,IXTLAN DE LOS HERVORES,,EL GEISER SECTOR 2                                  MANZANAS 17 30 Y 31,,130
2013,18,IXTLAN DE LOS HERVORES,,EL LLANO                                                       SECTOR 5 MANZANAS DE LA 29 A LA 54  ,,48
2013,19,IXTLAN DE LOS HERVORES,,PUENTE PIEDRA  SECTOR 3 MANZANAS 13 14 Y 15 ,,59
2013,20,IXTLAN DE LOS HERVORES,,AGUA AZUL SECTOR 1                              MANZANAS 6 Y 7,,89
2013,21,MORELIA,,SANTA CRUZ CAMPOSANTO,,265
2013,22,MORELIA,,AVICOLA,PARA PREDIOS CON FRENTE A CARRETERA ,265
2014,22,MORELIA,,AVICOLA,PARA CALLES INTERIORES,89
2013,23,MORELIA,,VILLAS DEL SUR II,,427
2013,24,MORELIA,,HACIENDA CIPRES ,,503
2013,25,LA PIEDAD,,MARGARITAS,,778
2013,26,LA PIEDAD,,CLUB RAQUETA SOL,,1336
2013,27,LA PIEDAD,,LAZARO CARDENAS ,PARA LAS CALLES PAVIMENTADAS ,283
2014,27,LA PIEDAD,,LAZARO CARDENAS ,PARA LAS CALLES EN TERRACERIA O EMPEDRADAS ,207
2014,1,APATZINGAN,,LA PAROTA,,537
2014,2,APATZINGAN,,LOS TAMARINDOS ,,399
2014,3,APATZINGAN,,BUGAMBILIAS ,,537
2014,4,APATZINGAN,,LOS GIRASOLES ,,537
2014,5,APATZINGAN,,HACIENDA PALMIRA,PARA LAS VIALIDADES PRIMARIAS ,584
2015,5,APATZINGAN,,HACIENDA PALMIRA,PARA LAS VIALIDADES SECUNDARIAS,537
2014,6,ZACAPU,,CARLOS GALVEZ BETANCOURT ,,224
2014,7,COAHUAYANA ,BOCA DE APIZA ,ASENTAMIENTO HUMANO  BOCA DE APIZA ,,135
2014,8,MORELIA,,TRES MARIAS SUR ,,1200
2014,9,HUIRAMBA ,,CAMPESTRE HUIRAMBA,,200
2014,10,TARIMBARO,,CUITZILLO CHICO,,37
2014,12,MORELIA,,PUERTA TRES MARIAS NORTE,,1200
2014,13,MORELIA,,PUERTO DE BUENA VISTA,SOBRE AV. FRANCISCO I. MADERO EN LOS SECTORES CATASTRALES 48 66 68 Y 71 EN EL TRAMO PASANDO EL CLUB DEPORTIVO FUTURAMA HASTA LOS PIRULES ,275
2015,13,MORELIA,,PUERTO DE BUENA VISTA,PARA EL INTERIOR DE LOS MISMOS SECTORES CATASTRALES EN LOS FTOS. DEL EX EJIDO SAN MIGUEL DEL MONTE ,135
2014,14,IXTLA,,PLAZA EL LIMON ,SECTOR I MANZANA 3  PRIV. OCTAVIO PAZ ,11
2015,14,IXTLA,,PLAZA EL LIMON ,SECTOR IV MANZANA 3  PRIV.  I. ALLENDE ,11
2016,14,IXTLA,,PLAZA EL LIMON ,SECTOR II MANZANA 4 PRIV. H. IGAREDA ,29
2017,14,IXTLA,,PLAZA EL LIMON ,SECTOR II MANZANA 7  PRIV. V. DE QUIROGA,29
2018,14,IXTLA,,PLAZA EL LIMON ,SECTOR IV MANZANA 3  PRIV.  BENITO JUAREZ,29
2019,14,IXTLA,,PLAZA EL LIMON ,SECTOR IV MANZANAS 5 Y 6  CALLE JUAN ESCUTIA ,29
2020,14,IXTLA,,PLAZA EL LIMON ,SECTOR IV MANZANA 6 PRIV. JUAN DE LA BARRERA ,29
2021,14,IXTLA,,PLAZA EL LIMON ,SECTOR IV  MANZANAS 8 Y 9  FERNANDO MONTES DE OCA ,29
2022,14,IXTLA,,PLAZA EL LIMON ,SECTOR IV MANZANAS 9 Y 10  VICENTE SUAREZ ,29
2023,14,IXTLA,,PLAZA EL LIMON ,SECTOR IV MANZANAS 6 Y 13 PRIV. NIÑOS HERORES ,29
2024,14,IXTLA,,PLAZA EL LIMON ,SECTOR IV MANZANA 14  PRIV. BENITO JUAREZ II,29
2025,14,IXTLA,,PLAZA EL LIMON ,SECTOR IV MANZANAS 7 Y 11 FRANCISCO MARQUEZ ,37
2026,14,IXTLA,,PLAZA EL LIMON ,SECTOR I MANZANA 4 PRIV. JAIME NUNO,37
2027,14,IXTLA,,PLAZA EL LIMON ,SECTOR I MANZANA 4 PRIV. MARIO J. MOLINA ,37
2028,14,IXTLA,,PLAZA EL LIMON ,SECTOR II MANZANAS 1013 14 15 Y 16 JOSE TRINIDAD REGALADO ,37
2029,14,IXTLA,,PLAZA EL LIMON ,SECTOR II  MANZANAS 12 Y 17  JOSE TRINIDAD REGALADO  ,50
2014,15,MORELIA,,PASEO DE LA HACIENDA,,978
2014,16,MORELIA,,VILLAS ORIENTE ,,359
2014,17,LAZARO CARDENAS ,GUACAMAYAS,VILLAMAR ,,214
2014,18,MORELIA,,MONTE VENTO ,,756
2014,19,MORELIA,,LARTESI,,768
2015,1,MORELIA,,ANTARES ,,1073
2015,2,MORELIA,,VILLAS DE ATENCO,,1851
2015,3,URUAPAN,,SANTA ROSA,,157
2015,4,CIUDAD HIDALGO,,NUEVO AMANECER ,,96
2015,5,MORELIA,,CAMPO BELLO,,975
2015,6,JIQUILPAN ,,CAMINO REAL RESIDENCIAL,,519
2015,7,CUITZEO DEL PORVENIR ,,LA PALMA,,96
